id,nom,email,entreprise,ville_residence,role
1,Karim Benali,k.benali@mobilitech.ma,MobiliTech,Casablanca,conducteur
2,Salma Alaoui,s.alaoui@mobilitech.ma,MobiliTech,Rabat,passager
3,Youssef Tahiri,y.tahiri@mobilitech.ma,MobiliTech,Casablanca,les_deux
4,Nadia Chraibi,n.chraibi@mobilitech.ma,MobiliTech,Mohammedia,passager
5,Omar Ziani,o.ziani@mobilitech.ma,MobiliTech,Casablanca,conducteur
6,Fatima Ezzahra Lahlou,f.lahlou@mobilitech.ma,MobiliTech,Rabat,les_deux
7,Hamid Berrada,h.berrada@mobilitech.ma,MobiliTech,Casablanca,conducteur
8,Aicha Mansouri,a.mansouri@mobilitech.ma,MobiliTech,Salé,passager
9,Mehdi Kettani,m.kettani@nextbuild.ma,NextBuild,Casablanca,conducteur
10,Zineb Raji,z.raji@nextbuild.ma,NextBuild,Casablanca,passager
11,Anas Bensaid,a.bensaid@nextbuild.ma,NextBuild,Rabat,les_deux
12,Houda Filali,h.filali@nextbuild.ma,NextBuild,Salé,passager
13,Rachid Ouali,r.ouali@nextbuild.ma,NextBuild,Casablanca,conducteur
14,Khadija Tazi,k.tazi@nextbuild.ma,NextBuild,Mohammedia,passager
15,Saad Benkirane,s.benkirane@nextbuild.ma,NextBuild,Casablanca,les_deux
16,Imane Skalli,i.skalli@nextbuild.ma,NextBuild,Rabat,passager
17,Adil Hafidi,a.hafidi@atlasdigital.ma,Atlas Digital,Casablanca,conducteur
18,Rim Cherkaoui,r.cherkaoui@atlasdigital.ma,Atlas Digital,Casablanca,passager
19,Badr Elmostafa,b.elmostafa@atlasdigital.ma,Atlas Digital,Rabat,les_deux
20,Loubna Bakkali,l.bakkali@atlasdigital.ma,Atlas Digital,Casablanca,passager
21,Yassine Benmoussa,y.benmoussa@atlasdigital.ma,Atlas Digital,Mohammedia,conducteur
22,Sara Amrani,s.amrani@atlasdigital.ma,Atlas Digital,Casablanca,passager
23,Khalid Ouazzani,k.ouazzani@atlasdigital.ma,Atlas Digital,Rabat,les_deux
24,Meriem Benjelloun,m.benjelloun@atlasdigital.ma,Atlas Digital,Salé,passager
25,Tariq Naciri,t.naciri@greenlogix.ma,GreenLogix,Casablanca,conducteur
26,Nawal Senhaji,n.senhaji@greenlogix.ma,GreenLogix,Casablanca,passager
27,Driss Abbadi,d.abbadi@greenlogix.ma,GreenLogix,Rabat,les_deux
28,Siham Tlemcani,s.tlemcani@greenlogix.ma,GreenLogix,Casablanca,passager
29,Noureddine Hassani,n.hassani@greenlogix.ma,GreenLogix,Mohammedia,conducteur
30,Hind Zougari,h.zougari@greenlogix.ma,GreenLogix,Casablanca,passager
31,Mourad Fikri,m.fikri@greenlogix.ma,GreenLogix,Rabat,les_deux
32,Amina Saidi,a.saidi@greenlogix.ma,GreenLogix,Salé,passager
33,Hassan Bouazza,h.bouazza@kandia.ma,Kandia Solutions,Casablanca,conducteur
34,Ghita Lamrani,g.lamrani@kandia.ma,Kandia Solutions,Casablanca,passager
35,Aziz Bensouda,a.bensouda@kandia.ma,Kandia Solutions,Rabat,les_deux
36,Widad Fassi,w.fassi@kandia.ma,Kandia Solutions,Casablanca,passager
37,Iliass Rhazali,i.rhazali@kandia.ma,Kandia Solutions,Mohammedia,conducteur
38,Samira Badaoui,s.badaoui@kandia.ma,Kandia Solutions,Casablanca,passager
39,Redouane Chbihi,r.chbihi@kandia.ma,Kandia Solutions,Rabat,les_deux
40,Fatima Zekri,f.zekri@kandia.ma,Kandia Solutions,Salé,passager
